223656	chair	resume	31	31	29	29	In 1910 , the university charter of the college was granted and he agreed to accept a vice-chancellorship on a temporary basis , with the understanding that he would resume the chair of his department .
733351	role	resumed	7	7	4	4	In 2005 , he resumed his regular role , starting 28 of 29 games , but served primarily as a backup in 2006 , playing in only 9 matches after suffering a knee injury .
788880	career	resumed	11	11	8	8	In 1988 he returned to Sri Lanka and resumed his legal career there .
1484899	tour	resumed	6	6	4	4	In April the band resumed their tour of the States until early May , playing an engagement with the Ramones on 14 May at the Estadio Velez in Buenos Aires , attracting a crowd of 50 , 000 people .
2140219	post	resumed	3	3	1	1	Andrews resumed his post as associate judge , and was re-elected unopposed to another 14-year term in November 1884 .
3208493	discussion	resume	11	11	9	9	I see none , but here we have to resume the discussion .
3333275	activity	resumed	8	8	5	5	After being paroled , he resumed his political activity .
3348806	p	resumed	10	10	6	6	After a seven-year hiatus , WKCF resumed a nightly 10 p .
4866987	practice	resumed	6	6	3	3	Davidson , Sturdevant resumed his law practice .
6452748	journey	resume	5	5	3	3	Avatar and Elinore resume their journey despite the poor conditions , but they soon realize they are wandering in circles .
7819067	business	resume	19	19	16	16	After his short stint on Capital Hill , he returned to Corning , New York to resume his banking business .
7851193	practice	resumed	7	7	5	5	After the war , Arnold resumed his practice of law .
7869431	status	resumed	20	20	16	16	After this transfer , the AHA commenced the process of jettisoning its religious tax exemption and resumed its exclusively educational status .
7890924	career	resumed	12	12	9	9	After resigning as the MLA for Inverness , MacDonald resumed his musical career .
7962694	practice	resumed	10	10	8	8	After his retirement from politics , Pittenger again resumed the practice of law , and died in Duluth , Minnesota , on November 26 , 1951 .
7985739	service	resumed	16	16	14	14	After the war he returned to Poland from a prisoner of war camp and resumed his service , rising to the post of CO Coastal Artillery and deputy commander of the Naval Branch of the General Staff .
8472511	function	resumed	9	9	7	7	After the regional elections of 1999 he resumed his function as mayor of Kapelle-op-den-Bos and also became member of the Flemish Parliament .
8537918	business	resumed	4	4	2	2	Afterwards he resumed his business and was President of the Plattsburgh National Bank and Trust Company .
8537936	practice	resumed	4	4	2	2	Afterwards he resumed his practice at the Bar .
9216913	duty	resumed	9	9	6	6	Following post-overhaul refresher training , Tringa resumed her normal duty out of New London .
10565591	career	resume	16	16	13	13	He retired as premier and from politics in 1945 to allow Macdonald to resume his provincial career .
11058027	practice	resumed	4	4	2	2	He then resumed the practice of law in Chattanooga until his death .
11328897	practice	resume	13	13	11	11	He resigned six days before the end of his term to resume the practice of law .
11333290	career	resumed	3	3	1	1	He resumed his career in the third division with Orihuela CF , and scored 21 goals in his second season , second overall in all four groups .
11334059	practice	resumed	3	3	1	1	He resumed the practice of law and also engaged in manufacturing in Mauch Chunk until his death there in 1880 .
11334159	practice	resumed	3	3	1	1	He resumed the practice of law and served as delegate to the Philadelphia Loyalists ' Convention in 1866 and to the Pittsburgh Soldiers ' Convention .
11334666	practice	resumed	3	3	1	1	He resumed the practice of law in Trenton .
11824421	analysis	resumed	10	10	8	8	But `` Embarrassment turned to humiliation when Chaturvedi resumed his analysis only to be told by Narayanan that he was making more sense when the tobacco was in his mouth .
11836605	vendetta	resumes	5	5	3	3	But Carlo soon resumes his vendetta against the Buchanans and their loved ones , enlisting local criminal R .
13215948	behaviour	resume	28	28	25	25	I largely agree with Bugs in that it seems clear that Xanderliptak is merely waiting for the heat to die down , and will then resume his disruptive behaviour .
13847921	game	resume	34	34	31	31	In present day , a multi-talented man named Yusuke Godai finds himself linked to the mysterious stoned belt that was found within the excavated cave as the Gurongi are resurrected and resume their murderous game on the descendants of the Linto , humanity itself .
14535900	drive	resumed	16	16	14	14	In early October , on the arrival of reinforcements from Japan , the Japanese resumed their drive on the Republican capital Tainan .
14828859	role	resumed	9	9	7	7	ISBN 0-86777-057-0 p 86 She also briefly resumed the role of Rose for a limited number of episodes of Number 96 in September 1975 , and appeared in a recurring sketch in comedy series The Norman Gunston Show called The Checkout Chicks .
17349088	seat	resume	27	27	25	25	If at any jovial meeting , any man retired , for however short a time , he was obliged , before he was permitted to resume his seat , to make an apology for his absence in rhyme .
18074411	article	resume	17	17	7	7	However , I fear that people will resume the edit warring and perhaps try to bias the article as a result of the unprotection .
18149339	production	resumed	22	22	20	20	Husereau convinced the editors to continue the run of `` Colby Christ '' until Thrasher returned to the university and resumed the production of Space Moose .
19546717	position	resumed	6	6	4	4	In June 1861 Lee resumed his position in the South Carolina Militia , and then in November he was promoted to the rank of major in the Confederate Army .
19622972	work	resumed	8	8	6	6	In May 1914 , Carl Larsson resumed the work on the painting on his own initiative .
20086488	education	resumed	5	5	3	3	In Harbin Kamkin resumed his education , graduating from a Russian law school in 1928 .
20979265	matrimony	resumed	25	25	23	23	During the time of separation , Laxmibai studied Christianity , felt drawn to it , accepted Christianity in 1900 , and the couple resumed their matrimony with much mutual love .
22872512	voyage	resuming	3	3	1	1	Before resuming the voyage Baudin decided to purchase a 30 tonne schooner , which he named Casuarina , and to send Hamelin back to France in the Naturaliste .
23061804	practice	resume	19	19	17	17	Belknap moved to Philadelphia , after resigning as Secretary of War , then returned to Washington to resume the practice of law .
23558133	relationship	resume	10	10	8	8	He failed to forget Shura and wants to resume their relationship .
23570136	research	resumed	4	4	2	2	He finally resumed his research at the Institute , which had been moved by the U .
25173150	role	resumed	3	3	1	1	Crandall resumed his role as the number one catcher in 1962 while Torre stayed on as the back up catcher .
26168613	habit	resumes	3	3	1	1	Carter resumes his habit of lying when he informs Serena of her father ' s definite location .
27147896	role	resumed	12	12	10	10	Cerny added chief engineer to his list of duties and resumed his role as the station ' s general manager .
27158574	work	resuming	12	12	11	11	CCI that what brought him to the article in question was resuming work on your CCI .
28505791	involvement	resume	7	7	4	4	He did not however resume his earlier involvement in party politics .
28508797	course	resume	6	6	3	3	He did not resume a south-easterly course until 9 .
28724421	practice	resumed	10	10	8	8	He moved to Chicago , Illinois , and resumed the practice of law in 1866 .
30132911	simulcast	resuming	10	10	8	8	Fort Wayne switched to an oldies format , resuming their simulcast after three years of separate programming ; WGL had been an adult standards station , while WGL-FM programmed adult contemporary .
30864065	practice	resuming	20	20	18	18	He attended the Philadelphia College -LRB- now the University of Pennsylvania -RRB- , and graduated in 1760 before resuming the practice of law in Cambridge , Maryland .
30926230	campaign	resume	18	18	16	16	Haakon over-wintered at the Bishop ' s Palace in Kirkwall , Orkney , with plans to resume his campaign the next year .
31498201	dance	resuming	14	14	12	12	Halfway through , he takes a seat and drinks some Drench before resuming the dance .
31640974	practice	resumed	4	4	2	2	He again resumed the practice of law in New Orleans , Louisiana .
31706273	practice	resumed	12	12	10	10	Hare settled in Sherman , Texas , in 1865 and resumed the practice of law .
31712374	practice	resumed	8	8	6	6	Harlan returned to Dayton where he resumed the practice of law .
33069352	war	resumed	4	4	1	1	Kagame resumed the civil war , and ended the genocide with a military victory .
33298990	interaction	resume	33	33	31	31	It is not until after the Dilkes move to Westminster that spring , leaving the Brawne family six months half rent in their home neighboring Brown , that Fanny and Keats resume their interaction and fall deeply in love .
35314665	government	resumed	8	8	6	6	King Oscar , who again had resumed the government , made use of his constitutional right to veto the bill on May 27 , and according to plan , the Norwegian ministry tendered their resignation .
35860695	practice	resuming	40	40	37	37	He was returned to the military as a Lieutenant in the JAG Corps from 1950 to 1952 , and was thereafter a state ' s attorney of Turner County , South Dakota from 1952 to 1954 , resuming his private practice in Parker from 1954 to 1957 , and then in Canton , South Dakota until 1967 .
36216774	war	resumed	20	20	18	18	He was released nine years afterwards against a ransom of about half a million e cus , and resumed the war against the Montforts .
36699276	attack	resume	11	11	9	9	His dauntless courage and heroism inspired his platoon to resume the attack and to penetrate the enemy defensive position .
36780305	education	resume	34	34	32	32	His mother wanted him to go to university , and then either into the City or the Civil Service , but she agreed to his request with the proviso that he would resume his education later .
37197395	career	resume	8	8	6	6	Keith Windon did manage to briefly resume his career after the war , touring to New Zealand with the 1946 Wallabies where his career ended .
37329936	control	resuming	25	25	24	24	Later in April , Sloan sought to resolve the differences of opinion with a position paper that he hoped would set up conditions for resuming control of Opel that would put at rest the doubts of GM ' s more conservative financial minds .
39561835	practice	resumed	3	3	1	1	Maybury resumed the practice of law in Detroit .
39935056	role	resumed	4	4	2	2	Mary Baddeley resumed her role as housekeeper , which he appreciated in part because of her excellent managerial skills .
41808470	presidency	resumed	3	3	1	1	Miramon resumed the presidency on August 15 .
42530170	activity	resumed	5	5	2	2	The band resumed their touring activity in September 2011 .
43504352	debate	resume	6	6	1	1	Please resume a new , fresh debate below the closed off section .
43662524	pursuit	resumed	20	20	18	18	Smith ' s 10th Division and Stevenson ' s Brigade of McPherson ' s XVII Corp , McClernand resumed the pursuit .
43738323	role	resumed	9	9	7	7	Since the early 1990s however , they resumed their role as the primary riot control units of the Police .
44205642	career	resumed	4	4	1	1	Slenczynska resumed her concert career establishing herself as a well-known pianist .
46693874	work	resume	26	26	23	23	Returning to Saipan on 3 March 1945 , Bering Strait spent the next six days in a shipyard availability before setting out to resume her lifeguard work on 9 March .
49267545	war	resumed	9	9	6	6	Once his block expired , he resumed the edit war .
49377668	career	resuming	43	43	40	40	October 2001 -RRB- was an Australian pop singer who had success with a number of Top 40 hits in Australia in the 1960s , then success internationally as a member of the New Seekers in the early 1970s , before resuming a solo career in 1973 .
49886205	role	resumed	11	11	7	7	On 1 January 1934 , the destroyer resumed a more active role with the Fleet when she began a year of duty with the Scouting Force Training Squadron .
50700471	profession	resumed	3	3	1	1	Nolan resumed his profession as a lecturer .
51740741	career	resume	12	12	8	8	On leaving prison Creech Jones was unable to resume a civil service career , and instead did research on prisons for the Labour Research Department , a trade union-funded body -LRB- it did not have any formal connections with the Labour Party -RRB- .
53287246	career	resume	25	25	22	22	Scalabrine described the job as `` a trial run '' , and said there was a `` small possibility '' he would resume his playing career overseas in 2013 .
53389845	debate	resume	17	17	15	15	Sankara was then given a month to research certain aspects of sex-love sciences and then resume the debate .
53492704	command	resumed	3	3	1	1	Salcedo resumed his command on December 15 .
53877395	relationship	resumes	4	4	1	1	She resumes her previous relationship with Josh , later becoming engaged .
53909058	position	resumed	12	12	10	10	She paid off for a long refit in 1873 and resumed her position in 1875 when she rejoined the Channel Fleet .
54694882	work	resume	18	18	16	16	She makes contact with Krycek at the behest of The Smoking Man , who wishes to resume the work of the now-eradicated Syndicate .
58342357	internment	resumed	22	22	20	20	The French were accordingly warned that the auxiliary cruiser would be sunk or captured unless she returned to port and resumed her internment .
60746425	apprenticeship	resumed	4	4	2	2	Subsequently he resumed his apprenticeship and attended the University of Sydney ; he was registered as a pharmacist in 1913 .
61206915	mass-changing	resume	22	22	20	20	The correct thing for him to do would be to launch a community discussion about the issue , and only resume his mass-changing of date formats if a consensus is formed that supports what he is doing .
62024830	work	resume	16	16	14	14	Superior of the Jesuit Mission in Mindanao , the Sisters returned to Zamboanga to resume their work in the school and in the parish as catechists .
62056570	relationship	resumed	3	3	1	1	Superboy resumed his relationship with Tana , just before Roxy revealed to him during the Final Night that she had always loved him .
63973018	journey	resumed	16	16	14	14	The ferry stopped at Garden Island to pick up dock workers , and then resumed its journey on a course that would have taken it just north of the lighthouse near Shark Island .
64950924	POV-pushing	resumed	6	6	3	3	Today , Gazifikator resumed his Armenian POV-pushing with this edit .
66921438	name	resumed	24	24	21	21	The Ministry of Transport absorbed the Ministry of Shipping and was renamed the Ministry of War Transport in 1941 , but resumed its previous name at the end of the war .
68168546	role	resuming	18	18	16	16	The party returns to their normal lives with Jude joining a Spyrite research team , Milla resuming her role as Maxwell , and Gaius uniting Rieze Maxia as a single country .
69366360	break	resumed	8	8	36	36	Therefore , regular season schedule had a month break after June 13 games during 2010 FIFA World Cup , first World Cup break as J2 since the 2002 events held in Japan , then the season resumed from July 17 .
75863141	role	resumed	10	10	8	8	With the appointment of Brian Horton , he resumed the role of Director of Development .
76550898	romance	resuming	22	22	20	20	When Malcolm ' s old love , singer Callie Rogers , arrived in town , Liv was convinced they were resuming their romance .
76722117	career	resume	11	11	6	6	While he recovered well enough to resume his singing and recording career , his health began to decline afterward and in 1926 , Collins retired , relocating to Florida with his wife .
